Symbol,Date,Close,industry
GOOG,2012-09-04,339.248413,Technology
GOOG,2012-09-05,339.08902,Technology
GOOG,2012-09-06,348.394135,Technology
GOOG,2012-09-07,351.756531,Technology
GOOG,2012-09-10,349.076569,Technology
GOOG,2012-09-11,344.802582,Technology
GOOG,2012-09-12,344.150055,Technology
GOOG,2012-09-13,351.701721,Technology
GOOG,2012-09-14,353.514954,Technology
GOOG,2012-09-17,353.664368,Technology
GOOG,2012-09-18,357.798889,Technology
GOOG,2012-09-19,362.391663,Technology
GOOG,2012-09-20,362.7005,Technology
GOOG,2012-09-21,365.624542,Technology
GOOG,2012-09-24,373.290802,Technology
GOOG,2012-09-25,373.181213,Technology
GOOG,2012-09-26,375.323212,Technology
GOOG,2012-09-27,376.837524,Technology
GOOG,2012-09-28,375.841248,Technology
GOOG,2012-10-01,379.467651,Technology
GOOG,2012-10-02,377.081604,Technology
GOOG,2012-10-03,379.826324,Technology
GOOG,2012-10-04,382.590942,Technology
GOOG,2012-10-05,382.391693,Technology
GOOG,2012-10-08,377.505005,Technology
GOOG,2012-10-09,370.655701,Technology
GOOG,2012-10-10,370.889801,Technology
GOOG,2012-10-11,374.336884,Technology
GOOG,2012-10-12,370.984467,Technology
GOOG,2012-10-15,369.106506,Technology
GOOG,2012-10-16,370.959564,Technology
GOOG,2012-10-17,376.334412,Technology
GOOG,2012-10-18,346.202362,Technology
GOOG,2012-10-19,339.622009,Technology
GOOG,2012-10-22,338.067841,Technology
GOOG,2012-10-23,338.904694,Technology
GOOG,2012-10-24,337.385406,Technology
GOOG,2012-10-25,337.614532,Technology
GOOG,2012-10-26,336.314423,Technology
GOOG,2012-10-31,338.879791,Technology
GOOG,2012-11-01,342.511169,Technology
GOOG,2012-11-02,342.675568,Technology
GOOG,2012-11-05,340.204834,Technology
GOOG,2012-11-06,339.587158,Technology
GOOG,2012-11-07,332.314392,Technology
GOOG,2012-11-08,324.927094,Technology
GOOG,2012-11-09,330.277039,Technology
GOOG,2012-11-12,331.706696,Technology
GOOG,2012-11-13,328.294464,Technology
GOOG,2012-11-14,325.05661,Technology
GOOG,2012-11-15,322.421478,Technology
GOOG,2012-11-16,322.381622,Technology
GOOG,2012-11-19,332.857361,Technology
GOOG,2012-11-20,333.73407,Technology
GOOG,2012-11-21,331.691742,Technology
GOOG,2012-11-23,332.737823,Technology
GOOG,2012-11-26,329.340546,Technology
GOOG,2012-11-27,334.102692,Technology
GOOG,2012-11-28,340.558502,Technology
GOOG,2012-11-29,344.653168,Technology
GOOG,2012-11-30,347.881042,Technology
GOOG,2012-12-03,346.326874,Technology
GOOG,2012-12-04,344.224762,Technology
GOOG,2012-12-05,342.625763,Technology
GOOG,2012-12-06,344.274567,Technology
GOOG,2012-12-07,340.827484,Technology
GOOG,2012-12-10,341.430237,Technology
GOOG,2012-12-11,347.138824,Technology
GOOG,2012-12-12,347.47757,Technology
GOOG,2012-12-13,350.037964,Technology
GOOG,2012-12-14,349.669342,Technology
GOOG,2012-12-17,359.04422,Technology
GOOG,2012-12-18,359.18866,Technology
GOOG,2012-12-19,358.71048,Technology
GOOG,2012-12-20,359.831268,Technology
GOOG,2012-12-21,356.478821,Technology
GOOG,2012-12-24,353.425262,Technology
GOOG,2012-12-26,353.11145,Technology
GOOG,2012-12-27,351.826263,Technology
GOOG,2012-12-28,348.697998,Technology
GOOG,2012-12-31,352.369232,Technology
GOOG,2013-01-02,360.274597,Technology
GOOG,2013-01-03,360.483826,Technology
GOOG,2013-01-04,367.607117,Technology
GOOG,2013-01-07,366.003143,Technology
GOOG,2013-01-08,365.280823,Technology
GOOG,2013-01-09,367.681824,Technology
GOOG,2013-01-10,369.35556,Technology
GOOG,2013-01-11,368.613342,Technology
GOOG,2013-01-14,360.274597,Technology
GOOG,2013-01-15,361.111481,Technology
GOOG,2013-01-16,356.259644,Technology
GOOG,2013-01-17,354.331879,Technology
GOOG,2013-01-18,350.939606,Technology
GOOG,2013-01-22,350.12265,Technology
GOOG,2013-01-23,369.36554,Technology
GOOG,2013-01-24,375.696808,Technology
GOOG,2013-01-25,375.427795,Technology
GOOG,2013-01-28,373.963287,Technology
GOOG,2013-01-29,375.4328,Technology
GOOG,2013-01-30,375.507507,Technology
GOOG,2013-01-31,376.434021,Technology
GOOG,2013-02-01,386.351868,Technology
GOOG,2013-02-04,378.092804,Technology
GOOG,2013-02-05,381.440277,Technology
GOOG,2013-02-06,383.647003,Technology
GOOG,2013-02-07,385.529938,Technology
GOOG,2013-02-08,391.218628,Technology
GOOG,2013-02-11,389.749115,Technology
GOOG,2013-02-12,388.892334,Technology
GOOG,2013-02-13,389.968292,Technology
GOOG,2013-02-14,392.439056,Technology
GOOG,2013-02-15,394.964569,Technology
GOOG,2013-02-19,401.918518,Technology
GOOG,2013-02-20,394.750366,Technology
GOOG,2013-02-21,396.279633,Technology
GOOG,2013-02-22,398.361847,Technology
GOOG,2013-02-25,393.908539,Technology
GOOG,2013-02-26,393.589722,Technology
GOOG,2013-02-27,398.396698,Technology
GOOG,2013-02-28,399.104065,Technology
GOOG,2013-03-01,401.589752,Technology
GOOG,2013-03-04,409.216156,Technology
GOOG,2013-03-05,417.734222,Technology
GOOG,2013-03-06,414.137695,Technology
GOOG,2013-03-07,414.745422,Technology
GOOG,2013-03-08,414.207458,Technology
GOOG,2013-03-11,415.851288,Technology
GOOG,2013-03-12,412.259735,Technology
GOOG,2013-03-13,411.114044,Technology
GOOG,2013-03-14,409.236084,Technology
GOOG,2013-03-15,405.629608,Technology
GOOG,2013-03-18,402.386749,Technology
GOOG,2013-03-19,404.145172,Technology
GOOG,2013-03-20,405.833832,Technology
GOOG,2013-03-21,404.115265,Technology
GOOG,2013-03-22,403.642059,Technology
GOOG,2013-03-25,403.308289,Technology
GOOG,2013-03-26,404.693115,Technology
GOOG,2013-03-27,399.831329,Technology
GOOG,2013-03-28,395.612152,Technology
GOOG,2013-04-01,399.099091,Technology
GOOG,2013-04-02,405.001953,Technology
GOOG,2013-04-03,401.594727,Technology
GOOG,2013-04-04,396.050507,Technology
GOOG,2013-04-05,390.062958,Technology
GOOG,2013-04-08,385.978271,Technology
GOOG,2013-04-09,387.373016,Technology
GOOG,2013-04-10,393.614624,Technology
GOOG,2013-04-11,393.719238,Technology
GOOG,2013-04-12,393.549866,Technology
GOOG,2013-04-15,389.505035,Technology
GOOG,2013-04-16,395.203674,Technology
GOOG,2013-04-17,389.818878,Technology
GOOG,2013-04-18,381.524963,Technology
GOOG,2013-04-19,398.441528,Technology
GOOG,2013-04-22,398.561096,Technology
GOOG,2013-04-23,402.441559,Technology
GOOG,2013-04-24,405.206177,Technology
GOOG,2013-04-25,403.039307,Technology
GOOG,2013-04-26,399.213654,Technology
GOOG,2013-04-29,408.000702,Technology
GOOG,2013-04-30,410.745422,Technology
GOOG,2013-05-01,408.683167,Technology
GOOG,2013-05-02,413.256012,Technology
GOOG,2013-05-03,421.280945,Technology
GOOG,2013-05-06,429.166382,Technology
GOOG,2013-05-07,427.014435,Technology
GOOG,2013-05-08,435.183838,Technology
GOOG,2013-05-09,434.112823,Technology
GOOG,2013-05-10,438.471497,Technology
GOOG,2013-05-13,437.126556,Technology
GOOG,2013-05-14,441.893677,Technology
GOOG,2013-05-15,456.234924,Technology
GOOG,2013-05-16,450.247375,Technology
GOOG,2013-05-17,452.892456,Technology
GOOG,2013-05-20,452.568665,Technology
GOOG,2013-05-21,451.791565,Technology
GOOG,2013-05-22,443.049347,Technology
GOOG,2013-05-23,439.746735,Technology
GOOG,2013-05-24,435.029388,Technology
GOOG,2013-05-28,438.989563,Technology
GOOG,2013-05-29,432.533752,Technology
GOOG,2013-05-30,433.754181,Technology
GOOG,2013-05-31,433.983337,Technology
GOOG,2013-06-03,432.195038,Technology
GOOG,2013-06-04,427.945953,Technology
GOOG,2013-06-05,428.244843,Technology
GOOG,2013-06-06,430.705597,Technology
GOOG,2013-06-07,438.222443,Technology
GOOG,2013-06-10,443.447845,Technology
GOOG,2013-06-11,438.262299,Technology
GOOG,2013-06-12,434.361908,Technology
GOOG,2013-06-13,436.862518,Technology
GOOG,2013-06-14,435.8862,Technology
GOOG,2013-06-17,441.470276,Technology
GOOG,2013-06-18,448.628418,Technology
GOOG,2013-06-19,448.658325,Technology
GOOG,2013-06-20,440.718079,Technology
GOOG,2013-06-21,438.82019,Technology
GOOG,2013-06-24,433.270996,Technology
GOOG,2013-06-25,431.482697,Technology
GOOG,2013-06-26,435.193787,Technology
GOOG,2013-06-27,436.8974,Technology
GOOG,2013-06-28,438.541229,Technology
GOOG,2013-07-01,442.282227,Technology
GOOG,2013-07-02,439.507629,Technology
GOOG,2013-07-03,441.559937,Technology
GOOG,2013-07-05,445.076752,Technology
GOOG,2013-07-08,450.855072,Technology
GOOG,2013-07-09,450.92981,Technology
GOOG,2013-07-10,451.303406,Technology
GOOG,2013-07-11,458.401794,Technology
GOOG,2013-07-12,459.776642,Technology
GOOG,2013-07-15,460.6185,Technology
GOOG,2013-07-16,458.087982,Technology
GOOG,2013-07-17,457.559967,Technology
GOOG,2013-07-18,453.639648,Technology
GOOG,2013-07-19,446.625946,Technology
GOOG,2013-07-22,453.649597,Technology
GOOG,2013-07-23,450.212494,Technology
GOOG,2013-07-24,449.76416,Technology
GOOG,2013-07-25,442.192566,Technology
GOOG,2013-07-26,441.021942,Technology
GOOG,2013-07-29,439.487701,Technology
GOOG,2013-07-30,443.796539,Technology
GOOG,2013-07-31,442.217468,Technology
GOOG,2013-08-01,450.421722,Technology
GOOG,2013-08-02,451.592316,Technology
GOOG,2013-08-05,450.810242,Technology
GOOG,2013-08-06,446.610992,Technology
GOOG,2013-08-07,443.662048,Technology
GOOG,2013-08-08,444.6633,Technology
GOOG,2013-08-09,443.54248,Technology
GOOG,2013-08-12,441.101654,Technology
GOOG,2013-08-13,438.979584,Technology
GOOG,2013-08-14,433.280945,Technology
GOOG,2013-08-15,428.224915,Technology
GOOG,2013-08-16,426.855042,Technology
GOOG,2013-08-19,431.20871,Technology
GOOG,2013-08-20,431.094147,Technology
GOOG,2013-08-21,433.04184,Technology
GOOG,2013-08-22,435.223663,Technology
GOOG,2013-08-23,433.480225,Technology
GOOG,2013-08-26,431.577332,Technology
GOOG,2013-08-27,423.487671,Technology
GOOG,2013-08-28,422.690643,Technology
GOOG,2013-08-29,426.117798,Technology
GOOG,2013-08-30,421.868744,Technology
GOOG,2013-09-03,428.583557,Technology
GOOG,2013-09-04,434.187561,Technology
GOOG,2013-09-05,438.137756,Technology
GOOG,2013-09-06,438.147705,Technology
GOOG,2013-09-09,442.366913,Technology
GOOG,2013-09-10,442.675751,Technology
GOOG,2013-09-11,446.421692,Technology
GOOG,2013-09-12,444.862549,Technology
GOOG,2013-09-13,442.875,Technology
GOOG,2013-09-16,442.222443,Technology
GOOG,2013-09-17,441.400513,Technology
GOOG,2013-09-18,449.973389,Technology
GOOG,2013-09-19,447.517609,Technology
GOOG,2013-09-20,449.868774,Technology
GOOG,2013-09-23,441.594788,Technology
GOOG,2013-09-24,441.76416,Technology
GOOG,2013-09-25,436.977112,Technology
GOOG,2013-09-26,437.445343,Technology
GOOG,2013-09-27,436.558685,Technology
GOOG,2013-09-30,436.31958,Technology
GOOG,2013-10-01,441.843872,Technology
GOOG,2013-10-02,442.337006,Technology
GOOG,2013-10-03,436.409241,Technology
GOOG,2013-10-04,434.546204,Technology
GOOG,2013-10-07,431.253571,Technology
GOOG,2013-10-08,425.241089,Technology
GOOG,2013-10-09,426.332001,Technology
GOOG,2013-10-10,432.498901,Technology
GOOG,2013-10-11,434.366882,Technology
GOOG,2013-10-14,436.419189,Technology
GOOG,2013-10-15,439.358185,Technology
GOOG,2013-10-16,447.338257,Technology
GOOG,2013-10-17,442.735504,Technology
GOOG,2013-10-18,503.816559,Technology
GOOG,2013-10-21,499.776703,Technology
GOOG,2013-10-22,501.619812,Technology
GOOG,2013-10-23,513.779236,Technology
GOOG,2013-10-24,510.860168,Technology
GOOG,2013-10-25,505.704498,Technology
GOOG,2013-10-28,505.604858,Technology
GOOG,2013-10-29,516.185181,Technology
GOOG,2013-10-30,513.286072,Technology
GOOG,2013-10-31,513.365784,Technology
GOOG,2013-11-01,511.602386,Technology
GOOG,2013-11-04,511.13913,Technology
GOOG,2013-11-05,508.852692,Technology
GOOG,2013-11-06,509.465393,Technology
GOOG,2013-11-07,502.093018,Technology
GOOG,2013-11-08,506.11795,Technology
GOOG,2013-11-11,503.408112,Technology
GOOG,2013-11-12,504.000885,Technology
GOOG,2013-11-13,514.307251,Technology
GOOG,2013-11-14,515.682068,Technology
GOOG,2013-11-15,514.85022,Technology
GOOG,2013-11-18,513.848938,Technology
GOOG,2013-11-19,510.685822,Technology
GOOG,2013-11-20,509.246216,Technology
GOOG,2013-11-21,515.104248,Technology
GOOG,2013-11-22,514.018311,Technology
GOOG,2013-11-25,521.012146,Technology
GOOG,2013-11-26,527.228821,Technology
GOOG,2013-11-27,529.570068,Technology
GOOG,2013-11-29,527.816589,Technology
GOOG,2013-12-02,525.271179,Technology
GOOG,2013-12-03,524.663452,Technology
GOOG,2013-12-04,527.114258,Technology
GOOG,2013-12-05,526.695801,Technology
GOOG,2013-12-06,532.937439,Technology
GOOG,2013-12-09,537.057007,Technology
GOOG,2013-12-10,540.30481,Technology
GOOG,2013-12-11,536.633545,Technology
GOOG,2013-12-12,532.982239,Technology
GOOG,2013-12-13,528.414368,Technology
GOOG,2013-12-16,534.486633,Technology
GOOG,2013-12-17,532.932434,Technology
GOOG,2013-12-18,540.349609,Technology
GOOG,2013-12-19,541.081909,Technology
GOOG,2013-12-20,548.255005,Technology
GOOG,2013-12-23,555.467957,Technology
GOOG,2013-12-24,553.844055,Technology
GOOG,2013-12-26,556.643555,Technology
GOOG,2013-12-27,557.111816,Technology
GOOG,2013-12-30,552.658508,Technology
GOOG,2013-12-31,558.262512,Technology
GOOG,2014-01-02,554.481689,Technology
GOOG,2014-01-03,550.436829,Technology
GOOG,2014-01-06,556.573853,Technology
GOOG,2014-01-07,567.303589,Technology
GOOG,2014-01-08,568.484192,Technology
GOOG,2014-01-09,563.009705,Technology
GOOG,2014-01-10,562.979797,Technology
GOOG,2014-01-13,559.39325,Technology
GOOG,2014-01-14,572.553955,Technology
GOOG,2014-01-15,572.165405,Technology
GOOG,2014-01-16,575.951172,Technology
GOOG,2014-01-17,573.116821,Technology
GOOG,2014-01-21,579.677246,Technology
GOOG,2014-01-22,580.334778,Technology
GOOG,2014-01-23,577.883972,Technology
GOOG,2014-01-24,559.81665,Technology
GOOG,2014-01-27,548.558838,Technology
GOOG,2014-01-28,559.408203,Technology
GOOG,2014-01-29,551.39325,Technology
GOOG,2014-01-30,565.575073,Technology
GOOG,2014-01-31,588.279968,Technology
GOOG,2014-02-03,564.598755,Technology
GOOG,2014-02-04,566.954895,Technology
GOOG,2014-02-05,569.465515,Technology
GOOG,2014-02-06,577.814209,Technology
GOOG,2014-02-07,586.521545,Technology
GOOG,2014-02-10,584.274963,Technology
GOOG,2014-02-11,592.867798,Technology
GOOG,2014-02-12,591.129272,Technology
GOOG,2014-02-13,597.709656,Technology
GOOG,2014-02-14,599.154236,Technology
GOOG,2014-02-18,603.179138,Technology
GOOG,2014-02-19,598.92511,Technology
GOOG,2014-02-20,599.806763,Technology
GOOG,2014-02-21,599.6474,Technology
GOOG,2014-02-24,603.991089,Technology
GOOG,2014-02-25,607.722107,Technology
GOOG,2014-02-26,607.806763,Technology
GOOG,2014-02-27,607.328613,Technology
GOOG,2014-02-28,605.555237,Technology
GOOG,2014-03-03,599.099426,Technology
GOOG,2014-03-04,605.186584,Technology
GOOG,2014-03-05,606.855347,Technology
GOOG,2014-03-06,607.527832,Technology
GOOG,2014-03-07,605.126831,Technology
GOOG,2014-03-10,603.522827,Technology
GOOG,2014-03-11,597.754456,Technology
GOOG,2014-03-12,601.395813,Technology
GOOG,2014-03-13,592.309875,Technology
GOOG,2014-03-14,584.210266,Technology
GOOG,2014-03-17,593.824219,Technology
GOOG,2014-03-18,603.368408,Technology
GOOG,2014-03-19,597.385864,Technology
GOOG,2014-03-20,596.344727,Technology
GOOG,2014-03-21,589.311096,Technology
GOOG,2014-03-24,576.802979,Technology
GOOG,2014-03-25,577.196533,Technology
GOOG,2014-03-26,563.87146,Technology
GOOG,2014-03-27,556.930969,Technology
GOOG,2014-03-28,558.456787,Technology
GOOG,2014-03-31,555.445007,Technology
GOOG,2014-04-01,565.607117,Technology
GOOG,2014-04-02,565.447571,Technology
GOOG,2014-04-03,568.180054,Technology
GOOG,2014-04-04,541.652893,Technology
GOOG,2014-04-07,536.676575,Technology
GOOG,2014-04-08,553.380676,Technology
GOOG,2014-04-09,562.595398,Technology
GOOG,2014-04-10,539.468872,Technology
GOOG,2014-04-11,529.147217,Technology
GOOG,2014-04-14,531.061951,Technology
GOOG,2014-04-15,534.971252,Technology
GOOG,2014-04-16,555.016174,Technology
GOOG,2014-04-17,534.632141,Technology
GOOG,2014-04-21,527.172668,Technology
GOOG,2014-04-22,533.345703,Technology
GOOG,2014-04-23,525.497253,Technology
GOOG,2014-04-24,523.722107,Technology
GOOG,2014-04-25,514.766724,Technology
GOOG,2014-04-28,515.73407,Technology
GOOG,2014-04-29,526.255188,Technology
GOOG,2014-04-30,525.218018,Technology
GOOG,2014-05-01,529.895203,Technology
GOOG,2014-05-02,526.484558,Technology
GOOG,2014-05-05,526.364868,Technology
GOOG,2014-05-06,513.729553,Technology
GOOG,2014-05-07,508.563751,Technology
GOOG,2014-05-08,509.600891,Technology
GOOG,2014-05-09,517.309753,Technology
GOOG,2014-05-12,528.469116,Technology
GOOG,2014-05-13,531.630432,Technology
GOOG,2014-05-14,525.208069,Technology
GOOG,2014-05-15,518.556274,Technology
GOOG,2014-05-16,519.204529,Technology
GOOG,2014-05-19,527.411987,Technology
GOOG,2014-05-20,528.319519,Technology
GOOG,2014-05-21,537.464417,Technology
GOOG,2014-05-22,543.567627,Technology
GOOG,2014-05-23,551.186707,Technology
GOOG,2014-05-27,564.400452,Technology
GOOG,2014-05-28,560.142151,Technology
GOOG,2014-05-29,558.546509,Technology
GOOG,2014-05-30,558.357056,Technology
GOOG,2014-06-02,552.41333,Technology
GOOG,2014-06-03,543.447937,Technology
GOOG,2014-06-04,543.168701,Technology
GOOG,2014-06-05,552.383423,Technology
GOOG,2014-06-06,554.806763,Technology
GOOG,2014-06-09,560.580933,Technology
GOOG,2014-06-10,559.015198,Technology
GOOG,2014-06-11,557.309875,Technology
GOOG,2014-06-12,549.840393,Technology
GOOG,2014-06-13,550.249268,Technology
GOOG,2014-06-16,542.789795,Technology
GOOG,2014-06-17,541.523254,Technology
GOOG,2014-06-18,551.854858,Technology
GOOG,2014-06-19,553.380676,Technology
GOOG,2014-06-20,554.83667,Technology
GOOG,2014-06-23,563.403198,Technology
GOOG,2014-06-24,563.074097,Technology
GOOG,2014-06-25,577.065674,Technology
GOOG,2014-06-26,574.422913,Technology
GOOG,2014-06-27,575.659546,Technology
GOOG,2014-06-30,573.704895,Technology
GOOG,2014-07-01,581.074646,Technology
GOOG,2014-07-02,580.740601,Technology
GOOG,2014-07-03,583.129028,Technology
GOOG,2014-07-07,580.655823,Technology
GOOG,2014-07-08,569.526367,Technology
GOOG,2014-07-09,574.502686,Technology
GOOG,2014-07-10,569.536316,Technology
GOOG,2014-07-11,577.594238,Technology
GOOG,2014-07-14,583.268616,Technology
GOOG,2014-07-15,583.178894,Technology
GOOG,2014-07-16,581.064697,Technology
GOOG,2014-07-17,572.159119,Technology
GOOG,2014-07-18,593.450684,Technology
GOOG,2014-07-21,587.856018,Technology
GOOG,2014-07-22,593.111633,Technology
GOOG,2014-07-23,594.348206,Technology
GOOG,2014-07-24,591.725403,Technology
GOOG,2014-07-25,587.407288,Technology
GOOG,2014-07-28,588.982971,Technology
GOOG,2014-07-29,584.006592,Technology
GOOG,2014-07-30,585.811646,Technology
GOOG,2014-07-31,570.034973,Technology
GOOG,2014-08-01,564.520081,Technology
GOOG,2014-08-04,571.58075,Technology
GOOG,2014-08-05,563.522827,Technology
GOOG,2014-08-06,564.823303,Technology
GOOG,2014-08-07,561.817505,Technology
GOOG,2014-08-08,567.212708,Technology
GOOG,2014-08-11,566.325134,Technology
GOOG,2014-08-12,561.18927,Technology
GOOG,2014-08-13,573.206238,Technology
GOOG,2014-08-14,573.076599,Technology
GOOG,2014-08-15,571.909851,Technology
GOOG,2014-08-18,580.56604,Technology
GOOG,2014-08-19,585.253174,Technology
GOOG,2014-08-20,582.889648,Technology
GOOG,2014-08-21,581.772766,Technology
GOOG,2014-08-22,580.964966,Technology
GOOG,2014-08-25,578.61145,Technology
GOOG,2014-08-26,576.277832,Technology
GOOG,2014-08-27,569.436584,Technology
GOOG,2014-08-28,567.641541,Technology
GOOG,2014-08-29,570.034973,Technology
GOOG,2014-09-02,575.749268,Technology
GOOG,2014-09-03,576.357605,Technology
GOOG,2014-09-04,580.386536,Technology
GOOG,2014-09-05,584.475342,Technology
GOOG,2014-09-08,588.105347,Technology
GOOG,2014-09-09,579.419189,Technology
GOOG,2014-09-10,581.503479,Technology
GOOG,2014-09-11,579.758301,Technology
GOOG,2014-09-12,574.043945,Technology
GOOG,2014-09-15,571.530884,Technology
GOOG,2014-09-16,578.362122,Technology
GOOG,2014-09-17,583.168884,Technology
GOOG,2014-09-18,587.656616,Technology
GOOG,2014-09-19,594.447937,Technology
GOOG,2014-09-22,585.76178,Technology
GOOG,2014-09-23,579.538879,Technology
GOOG,2014-09-24,586.380066,Technology
GOOG,2014-09-25,573.485474,Technology
GOOG,2014-09-26,575.519897,Technology
GOOG,2014-09-29,574.781921,Technology
GOOG,2014-09-30,575.779175,Technology
GOOG,2014-10-01,566.714111,Technology
GOOG,2014-10-02,568.519104,Technology
GOOG,2014-10-03,573.704895,Technology
GOOG,2014-10-06,575.769226,Technology
GOOG,2014-10-07,562.196472,Technology
GOOG,2014-10-08,570.932495,Technology
GOOG,2014-10-09,559.344299,Technology
GOOG,2014-10-10,542.999207,Technology
GOOG,2014-10-13,531.750061,Technology
GOOG,2014-10-14,536.467102,Technology
GOOG,2014-10-15,528.578796,Technology
GOOG,2014-10-16,523.073914,Technology
GOOG,2014-10-17,509.770416,Technology
GOOG,2014-10-20,519.41394,Technology
GOOG,2014-10-21,525.098328,Technology
GOOG,2014-10-22,531.251465,Technology
GOOG,2014-10-23,542.490601,Technology
GOOG,2014-10-24,538.302063,Technology
GOOG,2014-10-27,539.289368,Technology
GOOG,2014-10-28,547.397095,Technology
GOOG,2014-10-29,547.825928,Technology
GOOG,2014-10-30,548.803284,Technology
GOOG,2014-10-31,557.549255,Technology
GOOG,2014-11-03,553.699829,Technology
GOOG,2014-11-04,552.592834,Technology
GOOG,2014-11-05,544.425293,Technology
GOOG,2014-11-06,540.555908,Technology
GOOG,2014-11-07,539.528748,Technology
GOOG,2014-11-10,545.990967,Technology
GOOG,2014-11-11,548.783325,Technology
GOOG,2014-11-12,545.811462,Technology
GOOG,2014-11-13,543.88678,Technology
GOOG,2014-11-14,542.909424,Technology
GOOG,2014-11-17,535.041016,Technology
GOOG,2014-11-18,533.565125,Technology
GOOG,2014-11-19,535.519714,Technology
GOOG,2014-11-20,533.365662,Technology
GOOG,2014-11-21,536.02832,Technology
GOOG,2014-11-24,537.793518,Technology
GOOG,2014-11-25,539.598511,Technology
GOOG,2014-11-26,538.890503,Technology
GOOG,2014-11-28,540.346497,Technology
GOOG,2014-12-01,532.33844,Technology
GOOG,2014-12-02,532.288574,Technology
GOOG,2014-12-03,529.865234,Technology
GOOG,2014-12-04,535.838867,Technology
GOOG,2014-12-05,523.821838,Technology
GOOG,2014-12-08,525.537109,Technology
GOOG,2014-12-09,531.909668,Technology
GOOG,2014-12-10,524.619629,Technology
GOOG,2014-12-11,526.893433,Technology
GOOG,2014-12-12,517.239929,Technology
GOOG,2014-12-15,512.39325,Technology
GOOG,2014-12-16,494.03363,Technology
GOOG,2014-12-17,503.507629,Technology
GOOG,2014-12-18,509.700623,Technology
GOOG,2014-12-19,514.936218,Technology
GOOG,2014-12-22,523.432922,Technology
GOOG,2014-12-23,529.137268,Technology
GOOG,2014-12-24,527.322266,Technology
GOOG,2014-12-26,532.56781,Technology
GOOG,2014-12-29,528.877991,Technology
GOOG,2014-12-30,528.967712,Technology
GOOG,2014-12-31,524.95874,Technology
GOOG,2015-01-02,523.373108,Technology
GOOG,2015-01-05,512.463013,Technology
GOOG,2015-01-06,500.585632,Technology
GOOG,2015-01-07,499.727997,Technology
GOOG,2015-01-08,501.30368,Technology
GOOG,2015-01-09,494.811493,Technology
GOOG,2015-01-12,491.201416,Technology
GOOG,2015-01-13,494.821472,Technology
GOOG,2015-01-14,499.498627,Technology
GOOG,2015-01-15,500.416107,Technology
GOOG,2015-01-16,506.688873,Technology
GOOG,2015-01-20,505.512115,Technology
GOOG,2015-01-21,516.621643,Technology
GOOG,2015-01-22,532.926819,Technology
GOOG,2015-01-23,538.471619,Technology
GOOG,2015-01-26,533.744629,Technology
GOOG,2015-01-27,517.210022,Technology
GOOG,2015-01-28,508.603638,Technology
GOOG,2015-01-29,509.26181,Technology
GOOG,2015-01-30,533.056519,Technology
GOOG,2015-02-02,527.03302,Technology
GOOG,2015-02-03,527.790955,Technology
GOOG,2015-02-04,521.328674,Technology
GOOG,2015-02-05,526.135498,Technology
GOOG,2015-02-06,529.546143,Technology
GOOG,2015-02-09,526.384827,Technology
GOOG,2015-02-10,535.469849,Technology
GOOG,2015-02-11,534.502502,Technology
GOOG,2015-02-12,541.443481,Technology
GOOG,2015-02-13,547.506836,Technology
GOOG,2015-02-17,541.353699,Technology
GOOG,2015-02-18,538.22229,Technology
GOOG,2015-02-19,541.383606,Technology
GOOG,2015-02-20,537.474365,Technology
GOOG,2015-02-23,530.453613,Technology
GOOG,2015-02-24,534.622192,Technology
GOOG,2015-02-25,542.38092,Technology
GOOG,2015-02-26,553.959106,Technology
GOOG,2015-02-27,556.871094,Technology
GOOG,2015-03-02,569.775696,Technology
GOOG,2015-03-03,572.069397,Technology
GOOG,2015-03-04,571.80011,Technology
GOOG,2015-03-05,573.754761,Technology
GOOG,2015-03-06,566.130676,Technology
GOOG,2015-03-09,567.29248,Technology
GOOG,2015-03-10,553.490417,Technology
GOOG,2015-03-11,549.670898,Technology
GOOG,2015-03-12,553.989014,Technology
GOOG,2015-03-13,545.821472,Technology
GOOG,2015-03-16,552.99176,Technology
GOOG,2015-03-17,549.331787,Technology
GOOG,2015-03-18,557.968079,Technology
GOOG,2015-03-19,556.462219,Technology
GOOG,2015-03-20,558.825745,Technology
GOOG,2015-03-23,557.279968,Technology
GOOG,2015-03-24,568.628845,Technology
GOOG,2015-03-25,557.255066,Technology
GOOG,2015-03-26,553.649963,Technology
GOOG,2015-03-27,546.838684,Technology
GOOG,2015-03-30,550.518555,Technology
GOOG,2015-03-31,546.499573,Technology
GOOG,2015-04-01,541.074463,Technology
GOOG,2015-04-02,534.063721,Technology
GOOG,2015-04-06,535.295349,Technology
GOOG,2015-04-07,535.549622,Technology
GOOG,2015-04-08,540.127075,Technology
GOOG,2015-04-09,539.299377,Technology
GOOG,2015-04-10,538.531433,Technology
GOOG,2015-04-13,537.693787,Technology
GOOG,2015-04-14,528.937805,Technology
GOOG,2015-04-15,531.07196,Technology
GOOG,2015-04-16,532.33844,Technology
GOOG,2015-04-17,522.615173,Technology
GOOG,2015-04-20,533.914124,Technology
GOOG,2015-04-21,532.507996,Technology
GOOG,2015-04-22,537.888245,Technology
GOOG,2015-04-23,545.502319,Technology
GOOG,2015-04-24,563.512878,Technology
GOOG,2015-04-27,555.369995,Technology
GOOG,2015-04-28,553.679993,Technology
GOOG,2015-04-29,549.080017,Technology
GOOG,2015-04-30,537.340027,Technology
GOOG,2015-05-01,537.900024,Technology
GOOG,2015-05-04,540.780029,Technology
GOOG,2015-05-05,530.799988,Technology
GOOG,2015-05-06,524.219971,Technology
GOOG,2015-05-07,530.700012,Technology
GOOG,2015-05-08,538.219971,Technology
GOOG,2015-05-11,535.700012,Technology
GOOG,2015-05-12,529.039978,Technology
GOOG,2015-05-13,529.619995,Technology
GOOG,2015-05-14,538.400024,Technology
GOOG,2015-05-15,533.849976,Technology
GOOG,2015-05-18,532.299988,Technology
GOOG,2015-05-19,537.359985,Technology
GOOG,2015-05-20,539.27002,Technology
GOOG,2015-05-21,542.51001,Technology
GOOG,2015-05-22,540.109985,Technology
GOOG,2015-05-26,532.320007,Technology
GOOG,2015-05-27,539.789978,Technology
GOOG,2015-05-28,539.780029,Technology
GOOG,2015-05-29,532.109985,Technology
GOOG,2015-06-01,533.98999,Technology
GOOG,2015-06-02,539.179993,Technology
GOOG,2015-06-03,540.309998,Technology
GOOG,2015-06-04,536.700012,Technology
GOOG,2015-06-05,533.330017,Technology
GOOG,2015-06-08,526.830017,Technology
GOOG,2015-06-09,526.690002,Technology
GOOG,2015-06-10,536.690002,Technology
GOOG,2015-06-11,534.609985,Technology
GOOG,2015-06-12,532.330017,Technology
GOOG,2015-06-15,527.200012,Technology
GOOG,2015-06-16,528.150024,Technology
GOOG,2015-06-17,529.26001,Technology
GOOG,2015-06-18,536.72998,Technology
GOOG,2015-06-19,536.690002,Technology
GOOG,2015-06-22,538.190002,Technology
GOOG,2015-06-23,540.47998,Technology
GOOG,2015-06-24,537.840027,Technology
GOOG,2015-06-25,535.22998,Technology
GOOG,2015-06-26,531.690002,Technology
GOOG,2015-06-29,521.52002,Technology
GOOG,2015-06-30,520.51001,Technology
GOOG,2015-07-01,521.840027,Technology
GOOG,2015-07-02,523.400024,Technology
GOOG,2015-07-06,522.859985,Technology
GOOG,2015-07-07,525.02002,Technology
GOOG,2015-07-08,516.830017,Technology
GOOG,2015-07-09,520.679993,Technology
GOOG,2015-07-10,530.130005,Technology
GOOG,2015-07-13,546.549988,Technology
GOOG,2015-07-14,561.099976,Technology
GOOG,2015-07-15,560.219971,Technology
GOOG,2015-07-16,579.849976,Technology
GOOG,2015-07-17,672.929993,Technology
GOOG,2015-07-20,663.02002,Technology
GOOG,2015-07-21,662.299988,Technology
GOOG,2015-07-22,662.099976,Technology
GOOG,2015-07-23,644.280029,Technology
GOOG,2015-07-24,623.559998,Technology
GOOG,2015-07-27,627.26001,Technology
GOOG,2015-07-28,628.0,Technology
GOOG,2015-07-29,631.929993,Technology
GOOG,2015-07-30,632.590027,Technology
GOOG,2015-07-31,625.609985,Technology
GOOG,2015-08-03,631.210022,Technology
GOOG,2015-08-04,629.25,Technology
GOOG,2015-08-05,643.780029,Technology
GOOG,2015-08-06,642.679993,Technology
GOOG,2015-08-07,635.299988,Technology
GOOG,2015-08-10,633.72998,Technology
GOOG,2015-08-11,660.780029,Technology
GOOG,2015-08-12,659.559998,Technology
GOOG,2015-08-13,656.450012,Technology
GOOG,2015-08-14,657.119995,Technology
GOOG,2015-08-17,660.869995,Technology
GOOG,2015-08-18,656.130005,Technology
GOOG,2015-08-19,660.900024,Technology
GOOG,2015-08-20,646.830017,Technology
GOOG,2015-08-21,612.47998,Technology
GOOG,2015-08-24,589.609985,Technology
GOOG,2015-08-25,582.059998,Technology
GOOG,2015-08-26,628.619995,Technology
GOOG,2015-08-27,637.609985,Technology
GOOG,2015-08-28,630.380005,Technology
GOOG,2015-08-31,618.25,Technology
GOOG,2015-09-01,597.789978,Technology
GOOG,2015-09-02,614.340027,Technology
GOOG,2015-09-03,606.25,Technology
GOOG,2015-09-04,600.700012,Technology
GOOG,2015-09-08,614.659973,Technology
GOOG,2015-09-09,612.719971,Technology
GOOG,2015-09-10,621.349976,Technology
GOOG,2015-09-11,625.77002,Technology
GOOG,2015-09-14,623.23999,Technology
GOOG,2015-09-15,635.140015,Technology
GOOG,2015-09-16,635.97998,Technology
GOOG,2015-09-17,642.900024,Technology
GOOG,2015-09-18,629.25,Technology
GOOG,2015-09-21,635.440002,Technology
GOOG,2015-09-22,622.690002,Technology
GOOG,2015-09-23,622.359985,Technology
GOOG,2015-09-24,625.799988,Technology
GOOG,2015-09-25,611.969971,Technology
GOOG,2015-09-28,594.890015,Technology
GOOG,2015-09-29,594.969971,Technology
GOOG,2015-09-30,608.419983,Technology
GOOG,2015-10-01,611.289978,Technology
GOOG,2015-10-02,626.909973,Technology
GOOG,2015-10-05,641.469971,Technology
GOOG,2015-10-06,645.440002,Technology
GOOG,2015-10-07,642.359985,Technology
GOOG,2015-10-08,639.159973,Technology
GOOG,2015-10-09,643.609985,Technology
GOOG,2015-10-12,646.669983,Technology
GOOG,2015-10-13,652.299988,Technology
GOOG,2015-10-14,651.159973,Technology
GOOG,2015-10-15,661.73999,Technology
GOOG,2015-10-16,662.200012,Technology
GOOG,2015-10-19,666.099976,Technology
GOOG,2015-10-20,650.280029,Technology
GOOG,2015-10-21,642.609985,Technology
GOOG,2015-10-22,651.789978,Technology
GOOG,2015-10-23,702.0,Technology
GOOG,2015-10-26,712.780029,Technology
GOOG,2015-10-27,708.48999,Technology
GOOG,2015-10-28,712.950012,Technology
GOOG,2015-10-29,716.919983,Technology
GOOG,2015-10-30,710.809998,Technology
GOOG,2015-11-02,721.109985,Technology
GOOG,2015-11-03,722.159973,Technology
GOOG,2015-11-04,728.109985,Technology
GOOG,2015-11-05,731.25,Technology
GOOG,2015-11-06,733.76001,Technology
GOOG,2015-11-09,724.890015,Technology
GOOG,2015-11-10,728.320007,Technology
GOOG,2015-11-11,735.400024,Technology
GOOG,2015-11-12,731.22998,Technology
GOOG,2015-11-13,717.0,Technology
GOOG,2015-11-16,728.960022,Technology
GOOG,2015-11-17,725.299988,Technology
GOOG,2015-11-18,740.0,Technology
GOOG,2015-11-19,738.409973,Technology
GOOG,2015-11-20,756.599976,Technology
GOOG,2015-11-23,755.97998,Technology
GOOG,2015-11-24,748.280029,Technology
GOOG,2015-11-25,748.150024,Technology
GOOG,2015-11-27,750.26001,Technology
GOOG,2015-11-30,742.599976,Technology
GOOG,2015-12-01,767.039978,Technology
GOOG,2015-12-02,762.380005,Technology
GOOG,2015-12-03,752.539978,Technology
GOOG,2015-12-04,766.809998,Technology
GOOG,2015-12-07,763.25,Technology
GOOG,2015-12-08,762.369995,Technology
GOOG,2015-12-09,751.609985,Technology
GOOG,2015-12-10,749.460022,Technology
GOOG,2015-12-11,738.869995,Technology
GOOG,2015-12-14,747.77002,Technology
GOOG,2015-12-15,743.400024,Technology
GOOG,2015-12-16,758.090027,Technology
GOOG,2015-12-17,749.429993,Technology
GOOG,2015-12-18,739.309998,Technology
GOOG,2015-12-21,747.77002,Technology
GOOG,2015-12-22,750.0,Technology
GOOG,2015-12-23,750.309998,Technology
GOOG,2015-12-24,748.400024,Technology
GOOG,2015-12-28,762.51001,Technology
GOOG,2015-12-29,776.599976,Technology
GOOG,2015-12-30,771.0,Technology
GOOG,2015-12-31,758.880005,Technology
GOOG,2016-01-04,741.840027,Technology
GOOG,2016-01-05,742.580017,Technology
GOOG,2016-01-06,743.619995,Technology
GOOG,2016-01-07,726.390015,Technology
GOOG,2016-01-08,714.469971,Technology
GOOG,2016-01-11,716.030029,Technology
GOOG,2016-01-12,726.070007,Technology
GOOG,2016-01-13,700.559998,Technology
GOOG,2016-01-14,714.719971,Technology
GOOG,2016-01-15,694.450012,Technology
GOOG,2016-01-19,701.789978,Technology
GOOG,2016-01-20,698.450012,Technology
GOOG,2016-01-21,706.590027,Technology
GOOG,2016-01-22,725.25,Technology
GOOG,2016-01-25,711.669983,Technology
GOOG,2016-01-26,713.039978,Technology
GOOG,2016-01-27,699.98999,Technology
GOOG,2016-01-28,730.960022,Technology
GOOG,2016-01-29,742.950012,Technology
GOOG,2016-02-01,752.0,Technology
GOOG,2016-02-02,764.650024,Technology
GOOG,2016-02-03,726.950012,Technology
GOOG,2016-02-04,708.01001,Technology
GOOG,2016-02-05,683.570007,Technology
GOOG,2016-02-08,682.73999,Technology
GOOG,2016-02-09,678.109985,Technology
GOOG,2016-02-10,684.119995,Technology
GOOG,2016-02-11,683.109985,Technology
GOOG,2016-02-12,682.400024,Technology
GOOG,2016-02-16,691.0,Technology
GOOG,2016-02-17,708.400024,Technology
GOOG,2016-02-18,697.349976,Technology
GOOG,2016-02-19,700.909973,Technology
GOOG,2016-02-22,706.460022,Technology
GOOG,2016-02-23,695.849976,Technology
GOOG,2016-02-24,699.559998,Technology
GOOG,2016-02-25,705.75,Technology
GOOG,2016-02-26,705.070007,Technology
GOOG,2016-02-29,697.77002,Technology
GOOG,2016-03-01,718.809998,Technology
GOOG,2016-03-02,718.849976,Technology
GOOG,2016-03-03,712.419983,Technology
GOOG,2016-03-04,710.890015,Technology
GOOG,2016-03-07,695.159973,Technology
GOOG,2016-03-08,693.969971,Technology
GOOG,2016-03-09,705.23999,Technology
GOOG,2016-03-10,712.820007,Technology
GOOG,2016-03-11,726.820007,Technology
GOOG,2016-03-14,730.48999,Technology
GOOG,2016-03-15,728.330017,Technology
GOOG,2016-03-16,736.090027,Technology
GOOG,2016-03-17,737.780029,Technology
GOOG,2016-03-18,737.599976,Technology
GOOG,2016-03-21,742.090027,Technology
GOOG,2016-03-22,740.75,Technology
GOOG,2016-03-23,738.059998,Technology
GOOG,2016-03-24,735.299988,Technology
GOOG,2016-03-28,733.530029,Technology
GOOG,2016-03-29,744.77002,Technology
GOOG,2016-03-30,750.530029,Technology
GOOG,2016-03-31,744.950012,Technology
GOOG,2016-04-01,749.909973,Technology
GOOG,2016-04-04,745.289978,Technology
GOOG,2016-04-05,737.799988,Technology
GOOG,2016-04-06,745.690002,Technology
GOOG,2016-04-07,740.280029,Technology
GOOG,2016-04-08,739.150024,Technology
GOOG,2016-04-11,736.099976,Technology
GOOG,2016-04-12,743.090027,Technology
GOOG,2016-04-13,751.719971,Technology
GOOG,2016-04-14,753.200012,Technology
GOOG,2016-04-15,759.0,Technology
GOOG,2016-04-18,766.609985,Technology
GOOG,2016-04-19,753.929993,Technology
GOOG,2016-04-20,752.669983,Technology
GOOG,2016-04-21,759.140015,Technology
GOOG,2016-04-22,718.77002,Technology
GOOG,2016-04-25,723.150024,Technology
GOOG,2016-04-26,708.140015,Technology
GOOG,2016-04-27,705.840027,Technology
GOOG,2016-04-28,691.02002,Technology
GOOG,2016-04-29,693.01001,Technology
GOOG,2016-05-02,698.210022,Technology
GOOG,2016-05-03,692.359985,Technology
GOOG,2016-05-04,695.700012,Technology
GOOG,2016-05-05,701.429993,Technology
GOOG,2016-05-06,711.119995,Technology
GOOG,2016-05-09,712.900024,Technology
GOOG,2016-05-10,723.179993,Technology
GOOG,2016-05-11,715.289978,Technology
GOOG,2016-05-12,713.309998,Technology
GOOG,2016-05-13,710.830017,Technology
GOOG,2016-05-16,716.48999,Technology
GOOG,2016-05-17,706.22998,Technology
GOOG,2016-05-18,706.630005,Technology
GOOG,2016-05-19,700.320007,Technology
GOOG,2016-05-20,709.73999,Technology
GOOG,2016-05-23,704.23999,Technology
GOOG,2016-05-24,720.090027,Technology
GOOG,2016-05-25,725.27002,Technology
GOOG,2016-05-26,724.119995,Technology
GOOG,2016-05-27,732.659973,Technology
GOOG,2016-05-31,735.719971,Technology
GOOG,2016-06-01,734.150024,Technology
GOOG,2016-06-02,730.400024,Technology
GOOG,2016-06-03,722.340027,Technology
GOOG,2016-06-06,716.549988,Technology
GOOG,2016-06-07,716.650024,Technology
GOOG,2016-06-08,728.280029,Technology
GOOG,2016-06-09,728.580017,Technology
GOOG,2016-06-10,719.409973,Technology
GOOG,2016-06-13,718.359985,Technology
GOOG,2016-06-14,718.27002,Technology
GOOG,2016-06-15,718.919983,Technology
GOOG,2016-06-16,710.359985,Technology
GOOG,2016-06-17,691.719971,Technology
GOOG,2016-06-20,693.710022,Technology
GOOG,2016-06-21,695.940002,Technology
GOOG,2016-06-22,697.460022,Technology
GOOG,2016-06-23,701.869995,Technology
GOOG,2016-06-24,675.219971,Technology
GOOG,2016-06-27,668.26001,Technology
GOOG,2016-06-28,680.039978,Technology
GOOG,2016-06-29,684.109985,Technology
GOOG,2016-06-30,692.099976,Technology
GOOG,2016-07-01,699.210022,Technology
GOOG,2016-07-05,694.950012,Technology
GOOG,2016-07-06,697.77002,Technology
GOOG,2016-07-07,695.359985,Technology
GOOG,2016-07-08,705.630005,Technology
GOOG,2016-07-11,715.090027,Technology
GOOG,2016-07-12,720.640015,Technology
GOOG,2016-07-13,716.97998,Technology
GOOG,2016-07-14,720.950012,Technology
GOOG,2016-07-15,719.849976,Technology
GOOG,2016-07-18,733.780029,Technology
GOOG,2016-07-19,736.960022,Technology
GOOG,2016-07-20,741.190002,Technology
GOOG,2016-07-21,738.630005,Technology
GOOG,2016-07-22,742.73999,Technology
GOOG,2016-07-25,739.77002,Technology
GOOG,2016-07-26,738.419983,Technology
GOOG,2016-07-27,741.77002,Technology
GOOG,2016-07-28,745.909973,Technology
GOOG,2016-07-29,768.789978,Technology
GOOG,2016-08-01,772.880005,Technology
GOOG,2016-08-02,771.070007,Technology
GOOG,2016-08-03,773.179993,Technology
GOOG,2016-08-04,771.609985,Technology
GOOG,2016-08-05,782.219971,Technology
GOOG,2016-08-08,781.76001,Technology
GOOG,2016-08-09,784.26001,Technology
GOOG,2016-08-10,784.679993,Technology
GOOG,2016-08-11,784.849976,Technology
GOOG,2016-08-12,783.219971,Technology
GOOG,2016-08-15,782.440002,Technology
GOOG,2016-08-16,777.140015,Technology
GOOG,2016-08-17,779.909973,Technology
GOOG,2016-08-18,777.5,Technology
GOOG,2016-08-19,775.419983,Technology
GOOG,2016-08-22,772.150024,Technology
GOOG,2016-08-23,772.080017,Technology
GOOG,2016-08-24,769.640015,Technology
GOOG,2016-08-25,769.409973,Technology
GOOG,2016-08-26,769.539978,Technology
GOOG,2016-08-29,772.150024,Technology
GOOG,2016-08-30,769.090027,Technology
GOOG,2016-08-31,767.049988,Technology
GOOG,2016-09-01,768.780029,Technology
GOOG,2016-09-02,771.460022,Technology
GOOG,2016-09-06,780.080017,Technology
GOOG,2016-09-07,780.349976,Technology
GOOG,2016-09-08,775.320007,Technology
GOOG,2016-09-09,759.659973,Technology
GOOG,2016-09-12,769.02002,Technology
GOOG,2016-09-13,759.690002,Technology
GOOG,2016-09-14,762.48999,Technology
GOOG,2016-09-15,771.76001,Technology
GOOG,2016-09-16,768.880005,Technology
GOOG,2016-09-19,765.700012,Technology
GOOG,2016-09-20,771.409973,Technology
GOOG,2016-09-21,776.219971,Technology
GOOG,2016-09-22,787.210022,Technology
GOOG,2016-09-23,786.900024,Technology
GOOG,2016-09-26,774.210022,Technology
GOOG,2016-09-27,783.01001,Technology
GOOG,2016-09-28,781.559998,Technology
GOOG,2016-09-29,775.01001,Technology
GOOG,2016-09-30,777.289978,Technology
GOOG,2016-10-03,772.559998,Technology
GOOG,2016-10-04,776.429993,Technology
GOOG,2016-10-05,776.469971,Technology
GOOG,2016-10-06,776.859985,Technology
GOOG,2016-10-07,775.080017,Technology
GOOG,2016-10-10,785.940002,Technology
GOOG,2016-10-11,783.070007,Technology
GOOG,2016-10-12,786.140015,Technology
GOOG,2016-10-13,778.190002,Technology
GOOG,2016-10-14,778.530029,Technology
GOOG,2016-10-17,779.960022,Technology
GOOG,2016-10-18,795.26001,Technology
GOOG,2016-10-19,801.5,Technology
GOOG,2016-10-20,796.969971,Technology
GOOG,2016-10-21,799.369995,Technology
GOOG,2016-10-24,813.109985,Technology
GOOG,2016-10-25,807.669983,Technology
GOOG,2016-10-26,799.070007,Technology
GOOG,2016-10-27,795.349976,Technology
GOOG,2016-10-28,795.369995,Technology
GOOG,2016-10-31,784.539978,Technology
GOOG,2016-11-01,783.609985,Technology
GOOG,2016-11-02,768.700012,Technology
GOOG,2016-11-03,762.130005,Technology
GOOG,2016-11-04,762.02002,Technology
GOOG,2016-11-07,782.52002,Technology
GOOG,2016-11-08,790.51001,Technology
GOOG,2016-11-09,785.309998,Technology
GOOG,2016-11-10,762.559998,Technology
GOOG,2016-11-11,754.02002,Technology
GOOG,2016-11-14,736.080017,Technology
GOOG,2016-11-15,758.48999,Technology
GOOG,2016-11-16,764.47998,Technology
GOOG,2016-11-17,771.22998,Technology
GOOG,2016-11-18,760.539978,Technology
GOOG,2016-11-21,769.200012,Technology
GOOG,2016-11-22,768.27002,Technology
GOOG,2016-11-23,760.98999,Technology
GOOG,2016-11-25,761.679993,Technology
GOOG,2016-11-28,768.23999,Technology
GOOG,2016-11-29,770.840027,Technology
GOOG,2016-11-30,758.039978,Technology
GOOG,2016-12-01,747.919983,Technology
GOOG,2016-12-02,750.5,Technology
GOOG,2016-12-05,762.52002,Technology
GOOG,2016-12-06,759.109985,Technology
GOOG,2016-12-07,771.190002,Technology
GOOG,2016-12-08,776.419983,Technology
GOOG,2016-12-09,789.289978,Technology
GOOG,2016-12-12,789.27002,Technology
GOOG,2016-12-13,796.099976,Technology
GOOG,2016-12-14,797.070007,Technology
GOOG,2016-12-15,797.849976,Technology
GOOG,2016-12-16,790.799988,Technology
GOOG,2016-12-19,794.200012,Technology
GOOG,2016-12-20,796.419983,Technology
GOOG,2016-12-21,794.559998,Technology
GOOG,2016-12-22,791.26001,Technology
GOOG,2016-12-23,789.909973,Technology
GOOG,2016-12-27,791.549988,Technology
GOOG,2016-12-28,785.049988,Technology
GOOG,2016-12-29,782.789978,Technology
GOOG,2016-12-30,771.820007,Technology
GOOG,2017-01-03,786.140015,Technology
GOOG,2017-01-04,786.900024,Technology
GOOG,2017-01-05,794.02002,Technology
GOOG,2017-01-06,806.150024,Technology
GOOG,2017-01-09,806.650024,Technology
GOOG,2017-01-10,804.789978,Technology
GOOG,2017-01-11,807.909973,Technology
GOOG,2017-01-12,806.359985,Technology
GOOG,2017-01-13,807.880005,Technology
GOOG,2017-01-17,804.609985,Technology
GOOG,2017-01-18,806.070007,Technology
GOOG,2017-01-19,802.174988,Technology
GOOG,2017-01-20,805.02002,Technology
GOOG,2017-01-23,819.309998,Technology
GOOG,2017-01-24,823.869995,Technology
GOOG,2017-01-25,835.669983,Technology
GOOG,2017-01-26,832.150024,Technology
GOOG,2017-01-27,823.309998,Technology
GOOG,2017-01-30,802.320007,Technology
GOOG,2017-01-31,796.789978,Technology
GOOG,2017-02-01,795.695007,Technology
GOOG,2017-02-02,798.530029,Technology
GOOG,2017-02-03,801.48999,Technology
GOOG,2017-02-06,801.340027,Technology
GOOG,2017-02-07,806.969971,Technology
GOOG,2017-02-08,808.380005,Technology
GOOG,2017-02-09,809.559998,Technology
GOOG,2017-02-10,813.669983,Technology
GOOG,2017-02-13,819.23999,Technology
GOOG,2017-02-14,820.450012,Technology
GOOG,2017-02-15,818.97998,Technology
GOOG,2017-02-16,824.159973,Technology
GOOG,2017-02-17,828.070007,Technology
GOOG,2017-02-21,831.659973,Technology
GOOG,2017-02-22,830.76001,Technology
GOOG,2017-02-23,831.330017,Technology
GOOG,2017-02-24,828.640015,Technology
GOOG,2017-02-27,829.280029,Technology
GOOG,2017-02-28,823.210022,Technology
GOOG,2017-03-01,835.23999,Technology
GOOG,2017-03-02,830.630005,Technology
GOOG,2017-03-03,829.080017,Technology
GOOG,2017-03-06,827.780029,Technology
GOOG,2017-03-07,831.909973,Technology
GOOG,2017-03-08,835.369995,Technology
GOOG,2017-03-09,838.679993,Technology
GOOG,2017-03-10,843.25,Technology
GOOG,2017-03-13,845.539978,Technology
GOOG,2017-03-14,845.619995,Technology
GOOG,2017-03-15,847.200012,Technology
GOOG,2017-03-16,848.780029,Technology
GOOG,2017-03-17,852.119995,Technology
GOOG,2017-03-20,848.400024,Technology
GOOG,2017-03-21,830.460022,Technology
GOOG,2017-03-22,829.590027,Technology
GOOG,2017-03-23,817.580017,Technology
GOOG,2017-03-24,814.429993,Technology
GOOG,2017-03-27,819.51001,Technology
GOOG,2017-03-28,820.919983,Technology
GOOG,2017-03-29,831.409973,Technology
GOOG,2017-03-30,831.5,Technology
GOOG,2017-03-31,829.559998,Technology
GOOG,2017-04-03,838.549988,Technology
GOOG,2017-04-04,834.570007,Technology
GOOG,2017-04-05,831.409973,Technology
GOOG,2017-04-06,827.880005,Technology
GOOG,2017-04-07,824.669983,Technology
GOOG,2017-04-10,824.72998,Technology
GOOG,2017-04-11,823.349976,Technology
GOOG,2017-04-12,824.320007,Technology
GOOG,2017-04-13,823.559998,Technology
GOOG,2017-04-17,837.169983,Technology
GOOG,2017-04-18,836.820007,Technology
GOOG,2017-04-19,838.210022,Technology
GOOG,2017-04-20,841.650024,Technology
GOOG,2017-04-21,843.190002,Technology
GOOG,2017-04-24,862.76001,Technology
GOOG,2017-04-25,872.299988,Technology
GOOG,2017-04-26,871.72998,Technology
GOOG,2017-04-27,874.25,Technology
GOOG,2017-04-28,905.960022,Technology
GOOG,2017-05-01,912.570007,Technology
GOOG,2017-05-02,916.440002,Technology
GOOG,2017-05-03,927.039978,Technology
GOOG,2017-05-04,931.659973,Technology
GOOG,2017-05-05,927.130005,Technology
GOOG,2017-05-08,934.299988,Technology
GOOG,2017-05-09,932.169983,Technology
GOOG,2017-05-10,928.780029,Technology
GOOG,2017-05-11,930.599976,Technology
GOOG,2017-05-12,932.219971,Technology
GOOG,2017-05-15,937.080017,Technology
GOOG,2017-05-16,943.0,Technology
GOOG,2017-05-17,919.619995,Technology
GOOG,2017-05-18,930.23999,Technology
GOOG,2017-05-19,934.01001,Technology
GOOG,2017-05-22,941.859985,Technology
GOOG,2017-05-23,948.820007,Technology
GOOG,2017-05-24,954.960022,Technology
GOOG,2017-05-25,969.539978,Technology
GOOG,2017-05-26,971.469971,Technology
GOOG,2017-05-30,975.880005,Technology
GOOG,2017-05-31,964.859985,Technology
GOOG,2017-06-01,966.950012,Technology
GOOG,2017-06-02,975.599976,Technology
GOOG,2017-06-05,983.679993,Technology
GOOG,2017-06-06,976.570007,Technology
GOOG,2017-06-07,980.940002,Technology
GOOG,2017-06-08,983.409973,Technology
GOOG,2017-06-09,949.830017,Technology
GOOG,2017-06-12,942.900024,Technology
GOOG,2017-06-13,953.400024,Technology
GOOG,2017-06-14,950.76001,Technology
GOOG,2017-06-15,942.309998,Technology
GOOG,2017-06-16,939.780029,Technology
GOOG,2017-06-19,957.369995,Technology
GOOG,2017-06-20,950.630005,Technology
GOOG,2017-06-21,959.450012,Technology
GOOG,2017-06-22,957.090027,Technology
GOOG,2017-06-23,965.590027,Technology
GOOG,2017-06-26,952.27002,Technology
GOOG,2017-06-27,927.330017,Technology
GOOG,2017-06-28,940.48999,Technology
GOOG,2017-06-29,917.789978,Technology
GOOG,2017-06-30,908.72998,Technology
GOOG,2017-07-03,898.700012,Technology
GOOG,2017-07-05,911.710022,Technology
GOOG,2017-07-06,906.690002,Technology
GOOG,2017-07-07,918.590027,Technology
GOOG,2017-07-10,928.799988,Technology
GOOG,2017-07-11,930.090027,Technology
GOOG,2017-07-12,943.830017,Technology
GOOG,2017-07-13,947.159973,Technology
GOOG,2017-07-14,955.98999,Technology
GOOG,2017-07-17,953.419983,Technology
GOOG,2017-07-18,965.400024,Technology
GOOG,2017-07-19,970.890015,Technology
GOOG,2017-07-20,968.150024,Technology
GOOG,2017-07-21,972.919983,Technology
GOOG,2017-07-24,980.340027,Technology
GOOG,2017-07-25,950.700012,Technology
GOOG,2017-07-26,947.799988,Technology
GOOG,2017-07-27,934.090027,Technology
GOOG,2017-07-28,941.530029,Technology
GOOG,2017-07-31,930.5,Technology
GOOG,2017-08-01,930.830017,Technology
GOOG,2017-08-02,930.390015,Technology
GOOG,2017-08-03,923.650024,Technology
GOOG,2017-08-04,927.960022,Technology
GOOG,2017-08-07,929.359985,Technology
GOOG,2017-08-08,926.789978,Technology
GOOG,2017-08-09,922.900024,Technology
GOOG,2017-08-10,907.23999,Technology
GOOG,2017-08-11,914.390015,Technology
GOOG,2017-08-14,922.669983,Technology
GOOG,2017-08-15,922.219971,Technology
GOOG,2017-08-16,926.960022,Technology
GOOG,2017-08-17,910.97998,Technology
GOOG,2017-08-18,910.669983,Technology
GOOG,2017-08-21,906.659973,Technology
GOOG,2017-08-22,924.690002,Technology
GOOG,2017-08-23,927.0,Technology
GOOG,2017-08-24,921.280029,Technology
GOOG,2017-08-25,915.890015,Technology
GOOG,2017-08-28,913.809998,Technology
GOOG,2017-08-29,921.289978,Technology
GOOG,2017-08-30,929.570007,Technology
GOOG,2017-08-31,939.330017,Technology
GOOG,2017-09-01,937.340027,Technology
